{"cameraMode":{"drawMode":0,"name":"Shaded","section":"Shading Mode"},"sceneLighting":true,"audioPlay":false,"sceneViewState":{"showFog":false,"showMaterialUpdate":false,"showSkybox":false,"showFlares":false,"showImageEffects":false,"showParticleSystems":true},"in2DMode":false,"pivot":{"x":-49.574668884277347,"y":-22.61168098449707,"z":34.07906723022461},"rotation":{"x":-0.16288548707962037,"y":0.4706495404243469,"z":-0.08883330225944519,"w":-0.8626279830932617},"size":69.63054656982422,"orthographic":false}